-- phpMyAdmin SQL Dump
-- version 5.2.1
-- https://www.phpmyadmin.net/
--
-- Host: 127.0.0.1
-- Generation Time: Mar 28, 2026 at 07:45 PM
-- Wersja serwera: 10.4.32-MariaDB
-- Wersja PHP: 8.2.12

SET SQL_MODE = "NO_AUTO_VALUE_ON_ZERO";
START TRANSACTION;
SET time_zone = "+00:00";


/*!40101 SET @OLD_CHARACTER_SET_CLIENT=@@CHARACTER_SET_CLIENT */;
/*!40101 SET @OLD_CHARACTER_SET_RESULTS=@@CHARACTER_SET_RESULTS */;
/*!40101 SET @OLD_COLLATION_CONNECTION=@@COLLATION_CONNECTION */;
/*!40101 SET NAMES utf8mb4 */;

--
-- Database: `2012pr`
--

-- --------------------------------------------------------

--
-- Struktura tabeli dla tabeli `nip_firm_txt`
--

CREATE TABLE `nip_firm_txt` (
  `NIP` bigint(10) DEFAULT NULL,
  `firma` varchar(21) DEFAULT NULL
) ENGINE=InnoDB DEFAULT CHARSET=utf8 COLLATE=utf8_general_ci;

--
-- Dumping data for table `nip_firm_txt`
--

INSERT INTO `nip_firm_txt` (`NIP`, `firma`) VALUES
(2394072755, 'ELINK'),
(1599095267, 'ZONAN'),
(5341884086, 'SENIN'),
(1818291355, 'SZAMOT'),
(1361555378, 'OSTOPOL'),
(2869229213, 'KERN'),
(5528435390, 'ZABER'),
(2625657803, 'SUWAL'),
(1871447797, 'OBOR'),
(4241680809, 'WROCBUD4'),
(3318203338, 'LUBLIN1'),
(1524870307, 'NOTOM'),
(1581329071, 'WRZESNIA1'),
(3114182744, 'SZCZEBRZESZYN'),
(3743661247, 'ZWIERZYNIEC'),
(5185759244, 'BYTOM1'),
(5229945534, 'TARNOR'),
(5266741491, 'PIEKAR'),
(1246489959, 'MIEDZYRZECZ'),
(5418968184, 'SOSNEC'),
(1165493421, 'LESZNO'),
(4580185570, 'JELORA'),
(2599394621, 'OLECKO'),
(4531538788, 'TRZEBNICA'),
(4458233905, 'WROCBUD1'),
(4326751508, 'WROCBUD2'),
(4761158900, 'WROCBUD3'),
(4653095092, 'ZGORZELEC'),
(3678947206, 'LUBLIN2'),
(2245871126, 'OLSZTYN'),
(5459753232, 'TARGOR'),
(5514533376, 'BYTOM2'),
(1820566794, 'WRZESNIA2'),
(3783578981, 'LUBEX'),
(1127056356, 'KONSBET'),
(1278408463, 'REFAMUR'),
(3866883575, 'KPICO'),
(2138598159, 'METALL'),
(2119268767, 'PETROLEUM'),
(1433397952, 'BARTEX'),
(3568004264, 'MURATOR'),
(4779174699, 'FASO'),
(3357631311, 'GAZPOL'),
(2281651150, 'MAZUTEX'),
(1939065269, 'KUSTMASZ'),
(5115061689, 'BETON-STAL'),
(4796841112, 'WARM S. A.'),
(1617995032, 'RENOWATOR'),
(2214740049, 'SZPULTEX'),
(1620242236, 'WIET-IND'),
(3579231044, 'BAZALT S. A.'),
(6727559092, 'ANDROPOL SP. Z. O. O.'),
(4956781088, 'FERMILAB'),
(4715154852, 'NAFTO-GAZ'),
(2581219876, 'TECH-MASZ'),
(3345883725, 'ZACH-MET'),
(5624201652, 'FAL-STAL'),
(5581610439, 'JUSTPOL'),
(3470453173, 'MASPOL'),
(6758177505, 'WERTIX');

-- --------------------------------------------------------

--
-- Struktura tabeli dla tabeli `tablice_txt`
--

CREATE TABLE `tablice_txt` (
  `ozn` varchar(6) DEFAULT NULL,
  `powiat` varchar(23) DEFAULT NULL,
  `siedziba` varchar(21) DEFAULT NULL,
  `rodzaj` varchar(1) DEFAULT NULL
) ENGINE=InnoDB DEFAULT CHARSET=utf8 COLLATE=utf8_general_ci;

--
-- Dumping data for table `tablice_txt`
--

INSERT INTO `tablice_txt` (`ozn`, `powiat`, `siedziba`, `rodzaj`) VALUES
('CAL', 'aleksandrowski', 'Aleksandrow Kujawski', 'z'),
('BAU', 'augustowski', 'Augustow', 'z'),
('NBA', 'bartoszycki', 'Bartoszyce', 'z'),
('SBE', 'bedzinski', 'Bedzin', 'z'),
('EBE', 'belchatowski', 'Belchatow', 'z'),
('LB', 'Biala Podlaska', 'Biala Podlaska', 'g'),
('WBR', 'bialobrzeski', 'Bialobrzegi', 'z'),
('ZBI', 'bialogardzki', 'Bialogard', 'z'),
('BIA', 'bialostocki', 'Bialystok', 'z'),
('LBI', 'bialski', 'Biala Podlaska', 'z'),
('BI', 'Bialystok', 'Bialystok', 'g'),
('BBI', 'bielski', 'Bielsk Podlaski', 'z'),
('SBI', 'bielski', 'Bielsko-Biala', 'z'),
('SB', 'Bielsko-Biala', 'Bielsko-Biala', 'g'),
('SBL', 'bierunsko-ledzinski', 'Bierun', 'z'),
('RBI', 'bieszczadzki', 'Ustrzyki Dolne', 'z'),
('LBL', 'bilgorajski', 'Bilgoraj', 'z'),
('KBC', 'bochenski', 'Bochnia', 'z'),
('DBL', 'boleslawiecki', 'Boleslawiec', 'z'),
('NBR', 'braniewski', 'Braniewo', 'z'),
('CBR', 'brodnicki', 'Brodnica', 'z'),
('OB', 'brzeski', 'Brzeg', 'z'),
('KBR', 'brzeski', 'Brzesko', 'z'),
('EBR', 'brzezinski', 'Brzeziny', 'z'),
('RBR', 'brzozowski', 'Brzozow', 'z'),
('TBU', 'buski', 'Busko Zdroj', 'z'),
('CBY', 'bydgoski', 'Bydgoszcz', 'z'),
('CB', 'Bydgoszcz', 'Bydgoszcz', 'g'),
('SY', 'Bytom', 'Bytom', 'g'),
('GBY', 'bytowski', 'Bytow', 'z'),
('LC', 'Chelm', 'Chelm', 'g'),
('CCH', 'chelminski', 'Chelmno', 'z'),
('LCH', 'chelmski', 'Chelm', 'z'),
('PCH', 'chodzieski', 'Chodziez', 'z'),
('GCH', 'chojnicki', 'Chojnice', 'z'),
('SH', 'Chorzow', 'Chorzow', 'g'),
('ZCH', 'choszczenski', 'Choszczno', 'z'),
('KCH', 'chrzanowski', 'Chrzanow', 'z'),
('WCI', 'ciechanowski', 'Ciechanow', 'z'),
('SCI', 'cieszynski', 'Cieszyn', 'z'),
('PCT', 'czarnkowsko-trzcianecki', 'Czarnkow', 'z'),
('SC', 'Czestochowa', 'Czestochowa', 'g'),
('SCZ', 'czestochowski', 'Czestochowa', 'z'),
('GCZ', 'czluchowski', 'Czluchow', 'z'),
('SD', 'Dabrowa Gornicza', 'Dabrowa Gornicza', 'g'),
('KDA', 'dabrowski', 'Dabrowa Tarnowska', 'z'),
('RDE', 'debicki', 'Debica', 'z'),
('ZDR', 'drawski', 'Drawsko Pomorskie', 'z'),
('NDZ', 'dzialdowski', 'Dzialdowo', 'z'),
('DDZ', 'dzierzoniowski', 'Dzierzoniow', 'z'),
('NE', 'Elblag', 'Elblag', 'g'),
('NEB', 'elblaski', 'Elblag', 'z'),
('NEL', 'elcki', 'Elk', 'z'),
('WG', 'garwolinski', 'Garwolin', 'z'),
('GD', 'Gdansk', 'Gdansk', 'g'),
('GDA', 'gdanski', 'Pruszcz Gdanski', 'z'),
('GA', 'Gdynia', 'Gdynia', 'g'),
('NGI', 'gizycki', 'Gizycko', 'z'),
('SG', 'Gliwice', 'Gliwice', 'g'),
('SGL', 'gliwicki', 'Gliwice', 'z'),
('DGL', 'glogowski', 'Glogow', 'z'),
('OGL', 'glubczycki', 'Glubczyce', 'z'),
('PGN', 'gnieznienski', 'Gniezno', 'z'),
('NGO', 'goldapski', 'Goldap', 'z'),
('ZGL', 'goleniowski', 'Goleniow', 'z'),
('CGD', 'golubsko-dobrzynski', 'Golub-Dobrzyn', 'z'),
('KGR', 'gorlicki', 'Gorlice', 'z'),
('DGR', 'gorowski', 'Gora', 'z'),
('FG', 'Gorzow', 'Gorzow', 'g'),
('FGW', 'gorzowski', 'Gorzow Wielkopolski', 'z'),
('WGS', 'gostyninski', 'Gostynin', 'z'),
('PGS', 'gostynski', 'Gostyn', 'z'),
('BGR', 'grajewski', 'Grajewo', 'z'),
('WGM', 'grodziski', 'Grodzisk Mazowiecki', 'z'),
('PGO', 'grodziski', 'Grodzisk Wielkopolski', 'z'),
('WGR', 'grojecki', 'Grojec', 'z'),
('CG', 'Grudziadz', 'Grudziadz', 'g'),
('CGR', 'grudziadzki', 'Grudziadz', 'z'),
('ZGY', 'gryficki', 'Gryfice', 'z'),
('ZGR', 'gryfinski', 'Gryfino', 'z'),
('BHA', 'hajnowski', 'Hajnowka', 'z'),
('LHR', 'hrubieszowski', 'Hrubieszow', 'z'),
('NIL', 'ilawski', 'Ilawa', 'z'),
('CIN', 'inowroclawski', 'Inowroclaw', 'z'),
('LJA', 'janowski', 'Janow Lubelski', 'z'),
('PJA', 'jarocinski', 'Jarocin', 'z'),
('RJA', 'jaroslawski', 'Jaroslaw', 'z'),
('RJS', 'jasielski', 'Jaslo', 'z'),
('SJZ', 'Jastrzebie-Zdroj', 'Jastrzebie-Zdroj', 'g'),
('DJA', 'jaworski', 'Jawor', 'z'),
('SJ', 'Jaworzno', 'Jaworzno', 'g'),
('TJE', 'jedrzejowski', 'Jedrzejow', 'z'),
('DJ', 'Jelenia Gora', 'Jelenia Gora', 'g'),
('DJE', 'jeleniogorski', 'Jelenia Gora', 'z'),
('PKA', 'kaliski', 'Kalisz', 'z'),
('PK', 'Kalisz', 'Kalisz', 'g'),
('DKA', 'kamiennogorski', 'Kamienna Gora', 'z'),
('ZKA', 'kamienski', 'Kamien Pomorski', 'z'),
('GKA', 'kartuski', 'Kartuzy', 'z'),
('SK', 'Katowice', 'Katowice', 'g'),
('TKA', 'kazimierski', 'Kazimierza Wielka', 'z'),
('OK', 'kedzierzynsko-kozielski', 'Kedzierzyn-Kozle', 'z'),
('PKE', 'kepinski', 'Kepno', 'z'),
('NKE', 'ketrzynski', 'Ketrzyn', 'z'),
('TK', 'Kielce', 'Kielce', 'g'),
('TKI', 'kielecki', 'Kielce', 'z'),
('SKL', 'klobucki', 'Klobuck', 'z'),
('DKL', 'klodzki', 'Klodzko', 'z'),
('OKL', 'kluczborski', 'Kluczbork', 'z'),
('RKL', 'kolbuszowski', 'Kolbuszowa', 'z'),
('BKL', 'kolnenski', 'Kolno', 'z'),
('ZKL', 'kolobrzeski', 'Kolobrzeg', 'z'),
('PKL', 'kolski', 'Kolo', 'z'),
('TKN', 'konecki', 'Konskie', 'z'),
('PKO', 'Konin', 'Konin', 'g'),
('PN', 'Konin', 'Konin', 'g'),
('PKN', 'koninski', 'Konin', 'z'),
('PKS', 'koscianski', 'Koscian', 'z'),
('GKS', 'koscierski', 'Koscierzyna', 'z'),
('ZK', 'Koszalin', 'Koszalin', 'g'),
('ZKO', 'koszalinski', 'Koszalin', 'z'),
('WKZ', 'kozienicki', 'Kozienice', 'z'),
('KR', 'Krakow', 'Krakow', 'g'),
('KRA', 'krakowski', 'Krakow', 'z'),
('OKR', 'krapkowicki', 'Krapkowice', 'z'),
('LKR', 'krasnicki', 'Krasnik', 'z'),
('LKS', 'krasnostawski', 'Krasnystaw', 'z'),
('RKR', 'krosnienski', 'Krosno', 'z'),
('FKR', 'krosnienski', 'Krosno Odrzanskie', 'z'),
('RK', 'Krosno', 'Krosno', 'g'),
('PKR', 'krotoszynski', 'Krotoszyn', 'z'),
('EKU', 'kutnowski', 'Kutno', 'z'),
('GKW', 'kwidzynski', 'Kwidzyn', 'z'),
('RLA', 'lancucki', 'Lancut', 'z'),
('ELA', 'laski', 'Lask', 'z'),
('GLE', 'leborski', 'Lebork', 'z'),
('ELE', 'leczycki', 'Leczyca', 'z'),
('LLE', 'leczynski', 'Leczna', 'z'),
('WL', 'legionowski', 'Legionowo', 'z'),
('DL', 'Legnica', 'Legnica', 'g'),
('DLE', 'legnicki', 'Legnica', 'z'),
('RLS', 'leski', 'Lesko', 'z'),
('PLE', 'leszczynski', 'Leszno', 'z'),
('PL', 'Leszno', 'Leszno', 'g'),
('RLE', 'lezajski', 'Lezajsk', 'z'),
('NLI', 'lidzbarski', 'Lidzbark Warminski', 'z'),
('KLI', 'limanowski', 'Limanowa', 'z'),
('CLI', 'lipnowski', 'Lipno', 'z'),
('WLI', 'lipski', 'Lipsko', 'z'),
('ZLO', 'lobeski', 'Lobez', 'z'),
('EL', 'Lodz', 'Lodz', 'g'),
('ELW', 'lodzki wschodni', 'Lodz', 'z'),
('BL', 'Lomza', 'Lomza', 'g'),
('BLM', 'lomzynski', 'Lomza', 'z'),
('WLS', 'losicki', 'Losice', 'z'),
('ELC', 'lowicki', 'Lowicz', 'z'),
('RLU', 'lubaczowski', 'Lubaczow', 'z'),
('DLB', 'lubanski', 'Luban', 'z'),
('LLB', 'lubartowski', 'Lubartow', 'z'),
('LUB', 'lubelski', 'Lublin', 'z'),
('DLU', 'lubinski', 'Lubin', 'z'),
('LU', 'Lublin', 'Lublin', 'g'),
('SLU', 'lubliniecki', 'Lubliniec', 'z'),
('LLU', 'lukowski', 'Lukow', 'z'),
('DLW', 'lwowecki', 'Lwowek slaski', 'z'),
('WMA', 'makowski', 'Makow Mazowiecki', 'z'),
('GMB', 'malborski', 'Malbork', 'z'),
('KMI', 'miechowski', 'Miechow', 'z'),
('PMI', 'miedzychodzki', 'Miedzychod', 'z'),
('FMI', 'miedzyrzecki', 'Miedzyrzecz', 'z'),
('RMI', 'mielecki', 'Mielec', 'z'),
('SMI', 'mikolowski', 'Mikolow', 'z'),
('DMI', 'milicki', 'Milicz', 'z'),
('WM', 'minski', 'Minsk Mazowiecki', 'z'),
('WML', 'mlawski', 'Mlawa', 'z'),
('CMG', 'mogilenski', 'Mogilno', 'z'),
('BMN', 'moniecki', 'Monki', 'z'),
('NMR', 'mragowski', 'Mragowo', 'z'),
('KMY', 'myslenicki', 'Myslenice', 'z'),
('ZMY', 'mysliborski', 'Mysliborz', 'z'),
('SM', 'Myslowice', 'Myslowice', 'g'),
('SMY', 'myszkowski', 'Myszkow', 'z'),
('CNA', 'nakielski', 'Naklo n. Notecia', 'z'),
('ONA', 'namyslowski', 'Namyslow', 'z'),
('NNI', 'nidzicki', 'Nidzica', 'z'),
('RNI', 'nizanski', 'Nisko', 'z'),
('GND', 'nowodworski', 'Nowy Dwor Gdanski', 'z'),
('WND', 'nowodworski', 'Nowy Dwor Mazowiecki', 'z'),
('NNM', 'nowomiejski', 'Nowe Miasto Lubawskie', 'z'),
('KNS', 'nowosadecki', 'Nowy Sacz', 'z'),
('FNW', 'nowosolski', 'Nowa Sol', 'z'),
('KNT', 'nowotarski', 'Nowy Targ', 'z'),
('PNT', 'nowotomyski', 'Nowy Tomysl', 'z'),
('KN', 'Nowy Sacz', 'Nowy Sacz', 'g'),
('ONY', 'nyski', 'Nysa', 'z'),
('POB', 'obornicki', 'Oborniki', 'z'),
('DOA', 'olawski', 'Olawa', 'z'),
('NOE', 'olecki', 'Olecko', 'z'),
('NOG', 'olecko-goldapski', 'Olecko', 'z'),
('OOL', 'oleski', 'Olesno', 'z'),
('DOL', 'olesnicki', 'Olesnica', 'z'),
('KOL', 'olkuski', 'Olkusz', 'z'),
('NO', 'Olsztyn', 'Olsztyn', 'g'),
('NOL', 'olsztynski', 'Olsztyn', 'z'),
('TOP', 'opatowski', 'Opatow', 'z'),
('EOP', 'opoczynski', 'Opoczno', 'z'),
('OP', 'Opole', 'Opole', 'g'),
('OPO', 'opolski', 'Opole', 'z'),
('LOP', 'opolski', 'Opole Lubelskie', 'z'),
('NOS', 'ostrodzki', 'Ostroda', 'z'),
('WOS', 'ostrolecki', 'Ostroleka', 'z'),
('WO', 'Ostroleka', 'Ostroleka', 'g'),
('TOS', 'ostrowiecki', 'Ostrow swietokrzyski', 'z'),
('WOR', 'ostrowski', 'Ostrow Mazowiecka', 'z'),
('POS', 'ostrowski', 'Ostrow Wielkopolski', 'z'),
('POT', 'ostrzeszowski', 'Ostrzeszow', 'z'),
('KOS', 'oswiecimski', 'Oswiecim', 'z'),
('WOT', 'otwocki', 'Otwock', 'z'),
('EPA', 'pabianicki', 'Pabianice', 'z'),
('EPJ', 'pajeczanski', 'Pajeczno', 'z'),
('LPA', 'parczewski', 'Parczew', 'z'),
('WPI', 'piaseczynski', 'Piaseczno', 'z'),
('SPI', 'Piekary Slaskie', 'Piekary Slaskie', 'g'),
('PP', 'pilski', 'Pila', 'z'),
('TPI', 'pinczowski', 'Pinczow', 'z'),
('EP', 'Piotrkow Trybunalski', 'Piotrkow Trybunalski', 'g'),
('EPI', 'piotrkowski', 'Piotrkow Trybunalski', 'z'),
('NPI', 'piski', 'Pisz', 'z'),
('PPL', 'pleszewski', 'Pleszew', 'z'),
('WP', 'Plock', 'Plock', 'g'),
('WPL', 'plocki', 'Plock', 'z'),
('WPN', 'plonski', 'Plonsk', 'z'),
('EPD', 'poddebicki', 'Poddebice', 'z'),
('ZPL', 'policki', 'Police', 'z'),
('DPL', 'polkowicki', 'Polkowice', 'z'),
('PO', 'Poznan', 'Poznan', 'g'),
('PZ', 'poznanski', 'Poznan', 'z'),
('KPR', 'proszowicki', 'Proszowice', 'z'),
('OPR', 'prudnicki', 'Prudnik', 'z'),
('WPR', 'pruszkowski', 'Pruszkow', 'z'),
('WPZ', 'przasnyski', 'Przasnysz', 'z'),
('RPR', 'przemyski', 'Przemysl', 'z'),
('RP', 'Przemysl', 'Przemysl', 'g'),
('RPZ', 'przeworski', 'Przeworsk', 'z'),
('WPY', 'przysuski', 'Przysucha', 'z'),
('SPS', 'pszczynski', 'Pszczyna', 'z'),
('GPU', 'pucki', 'Puck', 'z'),
('LPU', 'pulawski', 'Pulawy', 'z'),
('WPU', 'pultuski', 'Pultusk', 'z'),
('ZPY', 'pyrzycki', 'Pyrzyce', 'z'),
('SRC', 'raciborski', 'Raciborz', 'z'),
('WR', 'Radom', 'Radom', 'g'),
('WRA', 'radomski', 'Radom', 'z'),
('ERA', 'radomszczanski', 'Radomsko', 'z'),
('CRA', 'radziejowski', 'Radziejow', 'z'),
('LRA', 'radzynski', 'Radzyn Podlaski', 'z'),
('PRA', 'rawicki', 'Rawicz', 'z'),
('ERW', 'rawski', 'Rawa Mazowiecka', 'z'),
('RRS', 'ropczycko-sedziszowski', 'Ropczyce', 'z'),
('SL', 'Ruda Slaska', 'Ruda Slaska', 'g'),
('SRS', 'Ruda Slaska', 'Ruda Slaska', 'g'),
('SRB', 'rybnicki', 'Rybnik', 'z'),
('SR', 'Rybnik', 'Rybnik', 'g'),
('LRY', 'rycki', 'Ryki', 'z'),
('CRY', 'rypinski', 'Rypin', 'z'),
('RZ', 'Rzeszow', 'Rzeszow', 'g'),
('RZE', 'rzeszowski', 'Rzeszow', 'z'),
('TSA', 'sandomierski', 'Sandomierz', 'z'),
('RSA', 'sanocki', 'Sanok', 'z'),
('BSE', 'sejnenski', 'Sejny', 'z'),
('CSE', 'sepolenski', 'Sepolno Krajenskie', 'z'),
('WS', 'Siedlce', 'Siedlce', 'g'),
('WSI', 'siedlecki', 'Siedlce', 'z'),
('SI', 'Siemianowice slaskie', 'Siemianowice slaskie', 'g'),
('BSI', 'siemiatycki', 'Siemiatycze', 'z'),
('ESI', 'sieradzki', 'Sieradz', 'z'),
('WSE', 'sierpecki', 'Sierpc', 'z'),
('TSK', 'skarzyski', 'Skarzysko-Kamienna', 'z'),
('ES', 'Skierniewice', 'Skierniewice', 'g'),
('ESK', 'skierniewicki', 'Skierniewice', 'z'),
('ZSL', 'slawienski', 'Slawno', 'z'),
('FSL', 'slubicki', 'Slubice', 'z'),
('PSL', 'slupecki', 'Slupca', 'z'),
('GS', 'Slupsk', 'Slupsk', 'g'),
('GSL', 'slupski', 'Slupsk', 'z'),
('WSC', 'sochaczewski', 'Sochaczew', 'z'),
('WSK', 'sokolowski', 'Sokolow Podlaski', 'z'),
('BSK', 'sokolski', 'Sokolka', 'z'),
('GSP', 'Sopot', 'Sopot', 'g'),
('SO', 'Sosnowiec', 'Sosnowiec', 'g'),
('DSR', 'sredzki', 'Sroda Slaska', 'z'),
('PSR', 'sredzki', 'Sroda Wielkopolska', 'z'),
('PSE', 'sremski', 'srem', 'z'),
('RST', 'stalowowolski', 'Stalowa Wola', 'z'),
('TST', 'starachowicki', 'Starachowice', 'z'),
('ZST', 'stargardzki', 'Stargard Szczecinski', 'z'),
('GST', 'starogardzki', 'Starogard Gdanski', 'z'),
('TSZ', 'staszowski', 'Staszow', 'z'),
('OST', 'strzelecki', 'Strzelce Opolskie', 'z'),
('FSD', 'strzelecko-drezdenecki', 'Strzelce Krajenskie', 'z'),
('DST', 'strzelinski', 'Strzelin', 'z'),
('RSR', 'strzyzowski', 'Strzyzow', 'z'),
('FSU', 'sulecinski', 'Sulecin', 'z'),
('KSU', 'suski', 'Sucha Beskidzka', 'z'),
('BS', 'Suwalki', 'Suwalki', 'g'),
('BSU', 'suwalski', 'Suwalki', 'z'),
('DSW', 'swidnicki', 'Swidnica', 'z'),
('LSW', 'swidnicki', 'Swidnik', 'z'),
('ZSD', 'swidwinski', 'Swidwin', 'z'),
('FSW', 'swiebodzinski', 'Swiebodzin', 'z'),
('CSW', 'swiecki', 'Swiecie', 'z'),
('SW', 'swietochlowice', 'Swietochlowice', 'g'),
('ZSW', 'Swinoujscie', 'Swinoujscie', 'g'),
('PSZ', 'szamotulski', 'Szamotuly', 'z'),
('ZS', 'Szczecin', 'Szczecin', 'g'),
('ZSZ', 'szczecinecki', 'Szczecinek', 'z'),
('NSZ', 'szczycienski', 'Szczytno', 'z'),
('GSZ', 'sztumski', 'Sztum', 'z'),
('WSZ', 'szydlowiecki', 'Szydlowiec', 'z'),
('RT', 'Tarnobrzeg', 'Tarnobrzeg', 'g'),
('RTA', 'tarnobrzeski', 'Tarnobrzeg', 'z'),
('STA', 'tarnogorski', 'Tarnowskie Gory', 'z'),
('KT', 'Tarnow', 'Tarnow', 'g'),
('KTA', 'tarnowski', 'Tarnow', 'z'),
('KTT', 'tatrzanski', 'Zakopane', 'z'),
('GTC', 'tczewski', 'Tczew', 'z'),
('LTM', 'tomaszowski', 'Tomaszow Lubelski', 'z'),
('ETM', 'tomaszowski', 'Tomaszow Mazowiecki', 'z'),
('CT', 'Torun', 'Torun', 'g'),
('CTR', 'torunski', 'Torun', 'z'),
('DTR', 'trzebnicki', 'Trzebnica', 'z'),
('CTU', 'tucholski', 'Tuchola', 'z'),
('PTU', 'turecki', 'Turek', 'z'),
('ST', 'Tychy', 'Tychy', 'g'),
('STY', 'tyski', 'Tychy', 'z'),
('CWA', 'wabrzeski', 'Wabrzezno', 'z'),
('KWA', 'wadowicki', 'Wadowice', 'z'),
('PWA', 'wagrowiecki', 'Wagrowiec', 'z'),
('DB', 'Walbrzych', 'Walbrzych', 'g'),
('DBA', 'walbrzyski', 'Walbrzych', 'z'),
('ZWA', 'walecki', 'Walcz', 'z'),
('WB', 'Warszawa', 'Bemowo', 's'),
('WA', 'Warszawa', 'Bialoleka', 's'),
('WD', 'Warszawa', 'Bielany', 's'),
('WE', 'Warszawa', 'Mokotow', 's'),
('WU', 'Warszawa', 'Ochota', 's'),
('WH', 'Warszawa', 'Praga Polnoc', 's'),
('WF', 'Warszawa', 'Praga Poludnie', 's'),
('WI', 'Warszawa', 'Srodmiescie', 's'),
('WJ', 'Warszawa', 'Targowek', 's'),
('WK', 'Warszawa', 'Ursus', 's'),
('WN', 'Warszawa', 'Ursynow', 's'),
('WT', 'Warszawa', 'Wawer', 's'),
('WX...y', 'Warszawa', 'Wesola', 's'),
('WW...G', 'Warszawa', 'Wilanow', 's'),
('WW...H', 'Warszawa', 'Wilanow', 's'),
('WW...J', 'Warszawa', 'Wilanow', 's'),
('WW...W', 'Warszawa', 'Wilanow', 's'),
('WW...L', 'Warszawa', 'Wlochy', 's'),
('WW...M', 'Warszawa', 'Wlochy', 's'),
('WW...N', 'Warszawa', 'Wlochy', 's'),
('WW...R', 'Warszawa', 'Wlochy', 's'),
('WW...S', 'Warszawa', 'Wlochy', 's'),
('WW...U', 'Warszawa', 'Wlochy', 's'),
('WW...V', 'Warszawa', 'Wlochy', 's'),
('WY', 'Warszawa', 'Wola', 's'),
('WX', 'Warszawa', 'Zoliborz', 's'),
('WZ', 'warszawski zachodni', 'Ozarow Mazowiecki', 'z'),
('NWE', 'wegorzewski', 'Wegorzewo', 'z'),
('WWE', 'wegrowski', 'Wegrow', 'z'),
('GWE', 'wejherowski', 'Wejherowo', 'z'),
('KWI', 'wielicki', 'Wieliczka', 'z'),
('EWI', 'wielunski', 'Wielun', 'z'),
('EWE', 'wieruszowski', 'Wieruszow', 'z'),
('CW', 'Wloclawek', 'Wloclawek', 'g'),
('CWL', 'wloclawski', 'Wloclawek', 'z'),
('LWL', 'wlodawski', 'Wlodawa', 'z'),
('TLW', 'wloszczowski', 'Wloszczowa', 'z'),
('SWD', 'wodzislawski', 'Wodzislaw slaski', 'z'),
('WWL', 'wolominski', 'Wolomin', 'z'),
('DWL', 'wolowski', 'Wolow', 'z'),
('PWL', 'wolsztynski', 'Wolsztyn', 'z'),
('DW', 'Wroclaw', 'Wroclaw', 'g'),
('DWR', 'wroclawski', 'Wroclaw', 'z'),
('PWR', 'wrzesinski', 'Wrzesnia', 'z'),
('FWS', 'wschowski', 'Wschowa', 'z'),
('BWM', 'wysokomazowiecki', 'Wysokie Mazowieckie', 'z'),
('WWY', 'wyszkowski', 'Wyszkow', 'z'),
('DZA', 'zabkowicki', 'Zabkowice Slaskie', 'z'),
('SZ', 'Zabrze', 'Zabrze', 'g'),
('FZG', 'zaganski', 'Zagan', 'z'),
('BZA', 'zambrowski', 'Zambrow', 'z'),
('LZA', 'zamojski', 'Zamosc', 'z'),
('LZ', 'Zamosc', 'Zamosc', 'g'),
('FZA', 'zarski', 'Zary', 'z'),
('SZA', 'zawiercianski', 'Zawiercie', 'z'),
('EZD', 'zdunskowolski', 'Zdunska Wola', 'z'),
('EZG', 'zgierski', 'Zgierz', 'z'),
('DZG', 'zgorzelecki', 'Zgorzelec', 'z'),
('FZ', 'Zielona Gora', 'Zielona Gora', 'g'),
('FZI', 'zielonogorski', 'Zielona Gora', 'z'),
('DZL', 'zlotoryjski', 'Zlotoryja', 'z'),
('PZL', 'zlotowski', 'Zlotow', 'z'),
('CZN', 'zninski', 'Znin', 'z'),
('SZO', 'Zory', 'Zory', 'g'),
('WZU', 'zurominski', 'Zuromin', 'z'),
('WZW', 'zwolenski', 'Zwolen', 'z'),
('WZY', 'zyrardowski', 'Zyrardow', 'z'),
('SZY', 'zywiecki', 'Zywiec', 'z');

-- --------------------------------------------------------

--
-- Struktura tabeli dla tabeli `uslugi_txt`
--

CREATE TABLE `uslugi_txt` (
  `NIP` bigint(10) DEFAULT NULL,
  `ozn` varchar(3) DEFAULT NULL,
  `nr` varchar(5) DEFAULT NULL,
  `rodzaj_uslugi` varchar(1) DEFAULT NULL,
  `rata` int(4) DEFAULT NULL
) ENGINE=InnoDB DEFAULT CHARSET=utf8 COLLATE=utf8_general_ci;

--
-- Dumping data for table `uslugi_txt`
--

INSERT INTO `uslugi_txt` (`NIP`, `ozn`, `nr`, `rodzaj_uslugi`, `rata`) VALUES
(6727559092, 'KTA', '323W', 'L', 1240),
(3866883575, 'LU', '16794', 'L', 3022),
(1165493421, 'SBE', 'LL545', 'L', 1770),
(2138598159, 'NEL', 'L584', 'L', 2272),
(1617995032, 'PTU', '6R13', 'L', 2253),
(2625657803, 'SBE', 'U48HH', 'W', 2349),
(6758177505, 'KTA', '468L', 'W', 2154),
(4531538788, 'SBE', 'TE554', 'L', 2385),
(2138598159, 'NEL', 'O586', 'W', 2370),
(1818291355, 'SBE', 'Z67OX', 'L', 1862),
(2599394621, 'SBE', 'CD551', 'W', 2508),
(4653095092, 'ONY', '1234', 'L', 2502),
(5229945534, 'SBE', 'G38FY', 'W', 2674),
(3743661247, 'SBE', 'Z99ZO', 'W', 2176),
(4779174699, 'DW', '16852', 'W', 1875),
(4715154852, 'DW', '23815', 'L', 2520),
(6758177505, 'KTA', '545S', 'L', 2984),
(2581219876, 'NEB', '92NR', 'W', 2685),
(3568004264, 'LUB', 'Q624', 'L', 2438),
(6727559092, 'KTA', '257G', 'W', 2435),
(5418968184, 'SBE', 'O60RV', 'L', 1806),
(4956781088, 'DGR', 'F718', 'W', 2156),
(5341884086, 'SBE', 'SA138', 'W', 1908),
(1939065269, 'PO', '16886', 'W', 3156),
(4715154852, 'DW', '557F', 'L', 2276),
(5115061689, 'SRS', 'D662', 'W', 1627),
(4326751508, 'SB', '55355', 'W', 2060),
(1581329071, 'SBE', 'E93DN', 'W', 2236),
(4326751508, 'SB', '56466', 'L', 2000),
(3470453173, 'LC', '7895G', 'L', 2040),
(1433397952, 'PN', '16832', 'W', 2734),
(3783578981, 'EL', '28920', 'L', 1935),
(2581219876, 'NEB', '90HD', 'W', 2818),
(4796841112, 'DOA', 'R672', 'L', 2668),
(4715154852, 'DW', '23411', 'W', 2700),
(4241680809, 'SBE', 'RF346', 'W', 2496),
(1617995032, 'PTU', '54PX', 'W', 2148),
(1433397952, 'PN', '16838', 'L', 2160),
(4326751508, 'EL', '69798', 'W', 2056),
(1246489959, 'SBE', 'M52XG', 'W', 1812),
(4241680809, 'SBE', 'RJ349', 'W', 2664),
(3470453173, 'LC', '34568', 'W', 2872),
(3568004264, 'LUB', 'E630', 'W', 1928),
(1617995032, 'PTU', '7D14', 'W', 2194),
(2119268767, 'NEB', '55CS', 'W', 2114),
(5341884086, 'SK', 'S12EM', 'W', 2364),
(4779174699, 'DW', '3841A', 'W', 2462),
(1939065269, 'PO', '16880', 'W', 2696),
(1939065269, 'PO', '3921Q', 'L', 2073),
(5459753232, 'BSI', '24678', 'W', 1629),
(4761158900, 'OKL', '83130', 'W', 2139),
(1127056356, 'PKS', 'C568', 'W', 2944),
(1361555378, 'SK', 'WM236', 'L', 2250),
(1278408463, 'PN', '16782', 'W', 2190),
(3114182744, 'SK', 'S98QG', 'W', 2074),
(4458233905, 'DW', '3344T', 'L', 1200),
(1617995032, 'PTU', 'L690', 'L', 1965),
(4761158900, 'OKL', '74242', 'L', 1894),
(4241680809, 'SK', 'RG347', 'W', 1946),
(1524870307, 'SK', 'N89WP', 'L', 1810),
(1818291355, 'SK', 'Z78PZ', 'L', 2448),
(4653095092, 'ONY', '1245', 'W', 1995),
(6758177505, 'KTA', '512R', 'L', 2216),
(1278408463, 'PN', '16784', 'L', 2226),
(3318203338, 'SK', 'LG353', 'L', 2640),
(1617995032, 'PTU', '52YS', 'L', 2358),
(4458233905, 'DW', 'RM754', 'W', 2175),
(1361555378, 'SK', 'WD234', 'L', 2972),
(6758177505, 'RTA', '490N', 'L', 1779),
(3318203338, 'SK', 'L67AK', 'W', 2165),
(5459753232, 'BSI', '25082', 'L', 2758),
(4326751508, 'SB', '49800', 'W', 2198),
(4326751508, 'SB', '57577', 'W', 1902),
(4458233905, 'SK', 'RM745', 'W', 2318),
(3470453173, 'LC', '7893E', 'L', 2415),
(1524870307, 'SK', 'N90SL', 'W', 1893),
(2245871126, 'TBU', '24072', 'W', 1950),
(2281651150, 'NOL', '14UV', 'W', 2575),
(5266741491, 'PO', 'P48WY', 'L', 2565),
(5341884086, 'PO', 'S23TN', 'L', 1970),
(5459753232, 'BSI', '25284', 'W', 1950),
(1617995032, 'PTU', '56KC', 'L', 2448),
(5185759244, 'PO', 'Y32DP', 'W', 2688),
(3568004264, 'LUB', 'C632', 'L', 2185),
(1620242236, 'PN', '4111S', 'W', 3192),
(3470453173, 'LC', '34570', 'W', 2464),
(6727559092, 'RTA', '301J', 'W', 2034),
(1127056356, 'PKS', 'Q564', 'L', 2436),
(6727559092, 'RTA', '279H', 'W', 2114),
(1939065269, 'PO', '3941D', 'L', 2390),
(1820566794, 'PP', '27304', 'L', 1932),
(4241680809, 'PO', 'RD345', 'L', 2720),
(4458233905, 'DW', '4356G', 'L', 2478),
(1433397952, 'PN', '16836', 'W', 2434),
(4779174699, 'DW', '3851Q', 'L', 2992),
(5459753232, 'BSI', '24880', 'W', 1860),
(3318203338, 'PO', 'LF354', 'L', 2427),
(5514533376, 'SB', '26294', 'W', 2926),
(5418968184, 'PO', 'O68AY', 'W', 1902),
(4956781088, 'DGR', 'V720', 'L', 1929),
(4241680809, 'PO', 'RL351', 'L', 3056),
(2599394621, 'PO', 'CS552', 'W', 2818),
(5115061689, 'SL', '16892', 'L', 3144),
(3568004264, 'LUB', '65ED', 'W', 3060),
(3470453173, 'LC', '7897N', 'L', 1866),
(2119268767, 'NEB', 'T606', 'W', 2928),
(1246489959, 'PO', 'M54EB', 'W', 2590),
(4779174699, 'DW', '3871D', 'L', 2445),
(4715154852, 'DW', '579W', 'L', 2780),
(3568004264, 'LUB', '61XF', 'L', 2720),
(5514533376, 'SB', '26092', 'W', 2136),
(5528435390, 'PO', 'A44GU', 'L', 2328),
(4779174699, 'DW', '16842', 'L', 2920),
(4326751508, 'EL', '64243', 'W', 3324),
(1620242236, 'PN', '16906', 'L', 2915),
(6758177505, 'RTA', '556V', 'W', 1930),
(6727559092, 'RTA', '246F', 'W', 2361),
(4241680809, 'PO', 'R79LM', 'W', 1863),
(4326751508, 'SB', '48689', 'L', 2420),
(3470453173, 'LC', '34572', 'W', 2625),
(3579231044, 'LLE', 'G712', 'W', 2314),
(2119268767, 'NEB', '57SX', 'W', 2340),
(1620242236, 'PN', '4101U', 'L', 2181),
(4326751508, 'SB', '45356', 'L', 2800),
(1278408463, 'PKO', '27LS', 'W', 2589),
(1939065269, 'PO', '3931S', 'L', 2360),
(3783578981, 'EL', '28314', 'W', 2185),
(4241680809, 'PO', 'RK350', 'L', 2319),
(4761158900, 'OKL', '86463', 'L', 2208),
(3866883575, 'LU', '3581R', 'W', 1520),
(1127056356, 'PKS', 'S566', 'L', 2050),
(1620242236, 'PN', '16904', 'W', 2336),
(6727559092, 'RTA', '356J', 'W', 2034),
(3318203338, 'PO', 'LD355', 'W', 1900),
(5185759244, 'PO', 'Y30EJ', 'L', 2277),
(3866883575, 'LU', '3571C', 'W', 2994),
(6727559092, 'RTA', '367J', 'W', 2315),
(1165493421, 'PO', 'L74SB', 'W', 2560),
(4796841112, 'DOA', 'A682', 'W', 2391),
(5115061689, 'SL', '16896', 'W', 2085),
(1599095267, 'PO', 'PK128', 'W', 2105),
(3866883575, 'LU', '16788', 'W', 1928),
(4779174699, 'DW', '3901W', 'L', 1852),
(3866883575, 'LU', '16792', 'W', 2784),
(4779174699, 'DW', '3891T', 'W', 2348),
(3318203338, 'SJ', 'LR356', 'W', 2305),
(1433397952, 'PN', '16830', 'L', 2282),
(4326751508, 'EL', '59799', 'L', 2408),
(3470453173, 'LC', '34566', 'W', 1835),
(3783578981, 'EL', '28112', 'L', 1869),
(3568004264, 'LUB', 'F628', 'W', 1804),
(6758177505, 'RTA', '501V', 'L', 2990),
(5115061689, 'SL', '16894', 'L', 2840),
(5418968184, 'SJ', 'O62FG', 'W', 1929),
(2581219876, 'NEB', 'H724', 'L', 2506),
(1127056356, 'PKS', 'W570', 'W', 2924),
(5528435390, 'SJ', 'A38DW', 'L', 2283),
(4241680809, 'SJ', 'R78KN', 'L', 2350),
(2245871126, 'TBU', '24274', 'L', 2340),
(1620242236, 'PN', '16900', 'L', 2368),
(4796841112, 'DOA', 'D684', 'L', 3336),
(3783578981, 'EL', '27708', 'L', 2510),
(5115061689, 'SRS', 'L668', 'L', 2358),
(6758177505, 'OPO', '479M', 'L', 3104),
(2138598159, 'NEL', 'P588', 'L', 2391),
(1524870307, 'SJ', 'N91XU', 'L', 2790),
(4796841112, 'DOA', 'L678', 'L', 1796),
(3470453173, 'LC', '34574', 'L', 1790),
(4761158900, 'OKL', '87574', 'W', 2460),
(3866883575, 'LU', '3561B', 'L', 3300),
(4326751508, 'EL', '60910', 'L', 2365),
(1278408463, 'PKO', 'N574', 'W', 3270),
(4326751508, 'EL', '65354', 'L', 1835),
(1581329071, 'SJ', 'E95RH', 'W', 2320),
(1620242236, 'PN', '16902', 'L', 2067),
(2214740049, 'NBR', 'S706', 'L', 2366),
(1433397952, 'PN', '3631H', 'L', 1990),
(2581219876, 'NEB', '94MD', 'W', 2120),
(3470453173, 'LC', '34576', 'W', 1620),
(4761158900, 'OKL', '76464', 'L', 2080),
(1820566794, 'PP', '27102', 'W', 2658),
(4761158900, 'OKL', '80908', 'W', 2582),
(1278408463, 'PKO', '25JE', 'W', 2852),
(5229945534, 'SJ', 'G40VV', 'L', 1968),
(3783578981, 'EL', '28718', 'L', 3160),
(4458233905, 'DW', '45333', 'W', 2022),
(1871447797, 'SJ', 'O54JT', 'L', 2350),
(4761158900, 'OKL', '82019', 'W', 2468),
(2581219876, 'NEB', '6C31', 'L', 2610),
(4580185570, 'SJ', 'JJ547', 'W', 3204),
(1599095267, 'SJ', 'PP132', 'W', 2516),
(3357631311, 'LZA', 'V638', 'W', 1792),
(4241680809, 'SO', 'RH348', 'L', 2885),
(2281651150, 'NOL', '16LG', 'W', 2550),
(4779174699, 'DW', '3881E', 'L', 2362),
(5624201652, 'STA', '97AK', 'L', 3216),
(3866883575, 'LU', '16798', 'W', 2034),
(4796841112, 'DOA', 'K674', 'W', 1885),
(5341884086, 'SO', 'SB135', 'W', 2490),
(4779174699, 'DW', '3831W', 'L', 2580),
(5514533376, 'SB', '26698', 'L', 2634),
(3470453173, 'LC', '7901K', 'W', 2584),
(4796841112, 'DOA', 'U676', 'L', 2576),
(5266741491, 'SO', 'P44AB', 'W', 1946),
(4715154852, 'DW', '23613', 'L', 2880),
(5418968184, 'SO', 'O64VB', 'L', 2630),
(1599095267, 'SO', 'PL129', 'W', 2112),
(1433397952, 'PN', '3621I', 'L', 2928),
(2281651150, 'NOL', 'N650', 'W', 2295),
(5341884086, 'SO', 'S34YB', 'L', 2556),
(3568004264, 'LUB', 'Z620', 'L', 2568),
(5185759244, 'SO', 'Y28XU', 'L', 2674),
(4326751508, 'SB', '47578', 'L', 3120),
(1433397952, 'PN', '16834', 'W', 1896),
(4779174699, 'DW', '16844', 'W', 2608),
(3678947206, 'ONY', '1267', 'W', 2154),
(1939065269, 'PO', '16882', 'L', 2328),
(5514533376, 'DJE', '25688', 'L', 2548),
(5115061689, 'SRS', 'J666', 'W', 1902),
(4326751508, 'DJE', '52022', 'L', 2456),
(1278408463, 'PKO', '94RF', 'W', 2544),
(5528435390, 'SO', 'A40FT', 'L', 3495),
(2138598159, 'NEL', 'B596', 'L', 2550),
(1599095267, 'SO', 'PW131', 'W', 2448),
(5341884086, 'SO', 'SX136', 'L', 3645),
(1433397952, 'PN', '16822', 'W', 2935),
(2138598159, 'NEL', 'I594', 'W', 2834),
(2625657803, 'SO', 'U50HG', 'W', 1624),
(1939065269, 'PO', '3951A', 'L', 2574),
(4326751508, 'DJE', '54244', 'W', 1806),
(2138598159, 'NEL', 'H592', 'W', 3204),
(4779174699, 'DW', '3861S', 'W', 1618),
(3568004264, 'LUB', 'X626', 'W', 2720),
(5115061689, 'SRS', '18IT', 'W', 3192),
(1361555378, 'SZ', 'WS237', 'W', 2559),
(3866883575, 'LU', '16796', 'L', 2145),
(4761158900, 'OKL', '73131', 'L', 2674),
(4779174699, 'DW', '16846', 'L', 2192),
(6727559092, 'OPO', '345G', 'L', 2480),
(4761158900, 'BIA', '78686', 'W', 2578),
(4761158900, 'BIA', '77575', 'W', 1774),
(2394072755, 'SZ', 'EU125', 'W', 750),
(1939065269, 'PO', '16888', 'L', 2562),
(3114182744, 'SZ', 'S97VV', 'L', 1959),
(4326751508, 'EL', '62021', 'L', 2624),
(4326751508, 'DJE', '50911', 'W', 2760),
(3568004264, 'LUB', 'D622', 'L', 2404),
(1278408463, 'PN', '16780', 'L', 2328),
(5185759244, 'SZ', 'Y26SL', 'W', 2610),
(4761158900, 'BIA', '75353', 'L', 2010),
(4326751508, 'PL', '68687', 'L', 2196),
(6758177505, 'OPO', '523S', 'W', 2095),
(1617995032, 'PTU', 'J688', 'L', 1899),
(1433397952, 'PN', '3651R', 'W', 2180),
(5115061689, 'SRS', 'G664', 'W', 1864),
(4761158900, 'BIA', '84241', 'W', 2172),
(4761158900, 'BIA', '85352', 'L', 1950),
(2119268767, 'NEB', 'V602', 'W', 2115),
(3866883575, 'LU', '16790', 'W', 2457),
(2394072755, 'SZ', 'ET124', 'W', 2792),
(6758177505, 'OPO', '567K', 'W', 2915),
(4326751508, 'PL', '63132', 'L', 1515),
(2394072755, 'SZ', 'EU126', 'W', 2330),
(4326751508, 'PL', '66465', 'L', 2245),
(5341884086, 'SZ', 'S45UV', 'L', 2880),
(1581329071, 'SZ', 'E94CB', 'L', 2270),
(5341884086, 'SZ', 'SD137', 'L', 2748),
(4241680809, 'SZ', 'R80LN', 'W', 1995),
(5229945534, 'SZ', 'G36RH', 'L', 3276),
(2281651150, 'NOL', '99KC', 'L', 1622),
(6727559092, 'OPO', '378G', 'W', 2208),
(3678947206, 'ONY', '1278', 'L', 2065),
(2119268767, 'NEB', 'T600', 'W', 1772),
(3568004264, 'LUB', '63AR', 'W', 2175),
(4326751508, 'DJE', '53133', 'W', 2958),
(4796841112, 'DOA', 'I680', 'L', 2792),
(2138598159, 'NEL', 'M590', 'L', 2049),
(1617995032, 'PTU', '5F12', 'W', 1946),
(1278408463, 'PKO', 'F572', 'L', 2722),
(3345883725, 'LUB', 'J742', 'W', 2344),
(5528435390, 'SZ', 'A42FY', 'W', 2465),
(3783578981, 'PL', '27910', 'W', 2174),
(4761158900, 'BIA', '79797', 'L', 1812),
(4715154852, 'DW', '601H', 'L', 2800),
(2581219876, 'NEB', 'U728', 'W', 2478),
(2245871126, 'TBU', '23870', 'L', 2562),
(6727559092, 'OPO', '268H', 'W', 980),
(1361555378, 'SZ', 'WB235', 'W', 2325),
(5418968184, 'SZ', 'O58CY', 'W', 1830),
(1165493421, 'SZ', 'L72WG', 'L', 3122),
(1433397952, 'PN', '16828', 'L', 2660),
(6727559092, 'STA', '334F', 'L', 2822),
(5514533376, 'DJE', '25890', 'L', 2895),
(3866883575, 'LU', '3601Y', 'L', 2638),
(1433397952, 'PN', '3641B', 'L', 2018),
(4779174699, 'DW', '16848', 'L', 1600),
(4326751508, 'PL', '67576', 'L', 1800),
(4761158900, 'BIA', '72020', 'L', 3144),
(2119268767, 'NEB', 'D604', 'L', 1740),
(2581219876, 'NEB', 'Y726', 'L', 2490),
(2281651150, 'NOL', 'Y648', 'W', 2170),
(1599095267, 'SZ', 'PR133', 'L', 2238),
(3783578981, 'PL', '28516', 'W', 2642),
(4779174699, 'DW', '16850', 'L', 1575),
(4580185570, 'SZ', 'JG549', 'L', 1623),
(6727559092, 'STA', '290G', 'W', 2550),
(6727559092, 'STA', '312W', 'L', 2384),
(5418968184, 'SR', 'O66QH', 'W', 2364),
(5514533376, 'DJE', '26496', 'L', 2642),
(3579231044, 'LLE', 'R714', 'L', 3002),
(4458233905, 'DW', '56456', 'L', 3128),
(1939065269, 'PO', '16884', 'W', 1980),
(3345883725, 'LUB', 'I740', 'W', 2784),
(3357631311, 'LZA', 'T642', 'L', 2014),
(2869229213, 'SR', 'K34AW', 'W', 1280),
(1599095267, 'SR', 'PS130', 'W', 2796),
(3678947206, 'ONY', '1289', 'W', 2475),
(2245871126, 'TBU', '23668', 'W', 1806),
(5115061689, 'SRS', '20AF', 'W', 2595),
(1620242236, 'PN', '4121F', 'L', 2836),
(3318203338, 'SR', 'L45QM', 'W', 2349),
(3357631311, 'LZA', 'H640', 'W', 2870),
(4580185570, 'SR', 'JH548', 'W', 2616),
(6758177505, 'STA', '534U', 'L', 2523),
(3568004264, 'LUB', 'G634', 'L', 2060),
(3470453173, 'LC', '7891Q', 'W', 2151),
(3866883575, 'LU', '3591T', 'W', 2818),
(1433397952, 'PN', '3661T', 'W', 1851),
(3470453173, 'LC', '7899B', 'L', 2062),
(6758177505, 'STA', '457K', 'W', 2258),
(5266741491, 'SR', 'P46ZH', 'W', 1774),
(2214740049, 'NBR', 'X708', 'W', 2066),
(1433397952, 'PN', '16826', 'W', 1626),
(4326751508, 'DJE', '46467', 'W', 1601),
(1433397952, 'PN', '16824', 'W', 2865),
(2281651150, 'NOL', 'J646', 'L', 2136),
(5581610439, 'SPI', 'O750', 'W', 2316);
COMMIT;

/*!40101 SET CHARACTER_SET_CLIENT=@OLD_CHARACTER_SET_CLIENT */;
/*!40101 SET CHARACTER_SET_RESULTS=@OLD_CHARACTER_SET_RESULTS */;
/*!40101 SET COLLATION_CONNECTION=@OLD_COLLATION_CONNECTION */;
